frame,region,vehicles
0,Top-Right,1
1,Top-Right,1
2,Top-Right,1
3,Top-Right,1
4,Top-Right,1
5,Top-Right,1
6,Top-Right,1
7,Top-Right,1
8,Top-Right,1
9,Top-Right,1
10,Top-Right,1
11,Top-Right,1
12,Top-Right,1
13,Top-Right,1
14,Top-Right,1
15,Top-Right,1
16,Top-Right,1
17,Top-Right,1
18,Top-Right,1
19,Top-Right,1
20,Top-Right,1
21,Top-Right,1
22,Top-Right,1
23,Top-Right,1
24,Top-Right,1
25,Top-Right,1
26,Top-Right,1
27,Bottom-Right,1
28,Bottom-Right,1
29,Bottom-Right,1
30,Bottom-Right,1
31,Bottom-Right,1
32,Bottom-Right,1
33,Bottom-Right,1
34,Bottom-Right,1
35,Bottom-Right,1
36,Bottom-Right,1
68,Top-Right,1
69,Top-Right,1
70,Top-Right,1
71,Top-Right,1
72,Top-Right,1
73,Top-Right,1
74,Top-Right,1
75,Top-Right,1
76,Top-Right,1
77,Top-Right,1
78,Top-Right,1
79,Top-Right,1
80,Top-Right,1
81,Top-Right,1
82,Top-Right,1
83,Top-Right,1
84,Top-Right,1
85,Top-Right,1
86,Top-Right,1
87,Top-Right,1
88,Top-Right,1
89,Top-Right,1
90,Top-Right,1
91,Top-Right,1
92,Top-Right,1
93,Top-Right,1
94,Top-Right,1
95,Top-Right,1
96,Top-Right,1
97,Top-Right,1
98,Top-Right,1
99,Top-Right,1
100,Top-Right,1
101,Top-Right,1
102,Top-Right,1
103,Top-Right,1
104,Top-Right,1
105,Top-Right,1
106,Top-Right,1
107,Top-Right,1
108,Top-Right,1
109,Top-Right,1
110,Top-Right,1
111,Top-Right,1
112,Top-Right,1
113,Top-Right,1
114,Top-Left,1
114,Top-Right,1
115,Top-Left,1
115,Top-Right,1
116,Top-Left,1
116,Top-Right,1
117,Top-Left,1
117,Top-Right,1
118,Top-Left,1
118,Top-Right,1
119,Top-Left,1
120,Top-Left,1
120,Top-Right,1
121,Top-Left,1
121,Top-Right,1
122,Top-Left,1
122,Top-Right,1
123,Top-Left,1
123,Top-Right,1
124,Top-Left,1
124,Top-Right,1
125,Top-Left,1
125,Top-Right,1
126,Top-Left,1
126,Top-Right,2
127,Top-Left,1
127,Top-Right,2
128,Top-Left,1
128,Top-Right,2
129,Top-Left,1
129,Top-Right,2
130,Top-Left,1
130,Top-Right,2
131,Top-Left,1
131,Top-Right,2
132,Top-Left,1
132,Top-Right,2
133,Top-Left,1
133,Top-Right,2
134,Top-Left,1
134,Top-Right,2
135,Top-Left,1
135,Top-Right,2
136,Top-Left,1
136,Top-Right,2
137,Top-Left,1
137,Top-Right,2
138,Top-Left,1
138,Top-Right,2
139,Top-Left,1
139,Top-Right,2
140,Top-Left,1
140,Top-Right,2
141,Top-Left,1
141,Top-Right,2
142,Top-Left,1
142,Top-Right,2
143,Top-Left,1
143,Top-Right,2
144,Top-Left,1
144,Top-Right,2
145,Top-Left,1
145,Top-Right,2
146,Top-Left,1
146,Top-Right,2
147,Top-Left,1
147,Top-Right,2
148,Top-Left,1
148,Top-Right,2
149,Top-Left,1
149,Top-Right,2
150,Top-Left,1
150,Top-Right,2
151,Top-Left,1
151,Top-Right,2
152,Top-Left,1
152,Top-Right,2
153,Top-Left,1
153,Top-Right,2
154,Top-Left,1
154,Top-Right,2
155,Top-Left,1
155,Top-Right,2
156,Top-Left,1
156,Top-Right,2
157,Top-Left,1
157,Top-Right,2
158,Top-Left,1
158,Top-Right,2
159,Top-Left,2
159,Top-Right,2
160,Top-Left,2
160,Top-Right,2
161,Top-Left,2
161,Top-Right,2
162,Top-Left,2
162,Top-Right,2
163,Top-Left,2
163,Top-Right,2
164,Top-Left,2
164,Top-Right,2
165,Top-Left,2
165,Top-Right,2
166,Top-Left,2
166,Top-Right,2
167,Top-Left,2
167,Top-Right,2
168,Top-Left,2
168,Top-Right,2
169,Top-Left,2
169,Top-Right,2
170,Top-Left,2
170,Top-Right,2
171,Top-Left,2
171,Top-Right,2
172,Top-Left,2
172,Top-Right,2
173,Top-Left,2
173,Top-Right,2
174,Top-Left,2
174,Top-Right,2
175,Top-Left,2
175,Top-Right,2
176,Top-Left,2
176,Top-Right,3
177,Top-Left,2
177,Top-Right,3
178,Top-Left,2
178,Top-Right,3
179,Top-Left,2
179,Top-Right,3
180,Top-Left,2
180,Top-Right,3
181,Top-Left,2
181,Top-Right,3
182,Top-Left,2
182,Top-Right,3
183,Top-Left,2
183,Top-Right,3
184,Top-Left,2
184,Top-Right,3
185,Top-Left,2
185,Top-Right,3
186,Top-Left,2
186,Top-Right,3
187,Top-Left,2
187,Top-Right,3
188,Top-Left,2
188,Top-Right,3
189,Top-Left,2
189,Top-Right,3
190,Top-Left,2
190,Top-Right,3
191,Top-Left,2
191,Top-Right,3
192,Top-Left,2
192,Top-Right,3
193,Top-Left,2
193,Top-Right,3
194,Top-Left,2
194,Top-Right,3
195,Top-Left,2
195,Top-Right,3
196,Top-Left,2
196,Top-Right,3
197,Top-Left,2
197,Top-Right,3
198,Top-Left,2
198,Top-Right,3
199,Top-Left,2
199,Top-Right,3
200,Top-Left,2
200,Top-Right,3
201,Top-Left,2
201,Top-Right,3
202,Top-Left,2
202,Top-Right,3
203,Top-Left,2
203,Top-Right,3
204,Top-Left,2
204,Top-Right,3
205,Top-Left,2
205,Top-Right,4
206,Top-Left,2
206,Top-Right,4
207,Top-Left,2
207,Top-Right,4
208,Top-Left,2
208,Top-Right,4
209,Top-Left,2
209,Top-Right,4
210,Top-Left,2
210,Top-Right,4
211,Top-Left,2
211,Top-Right,4
212,Top-Left,2
212,Top-Right,4
213,Top-Left,2
213,Top-Right,4
214,Top-Left,2
214,Top-Right,4
215,Top-Left,2
215,Top-Right,4
216,Top-Left,2
216,Top-Right,4
217,Top-Left,2
217,Top-Right,4
218,Bottom-Left,1
218,Top-Left,1
218,Top-Right,4
219,Bottom-Left,1
219,Top-Left,1
219,Top-Right,4
220,Bottom-Left,1
220,Top-Left,1
220,Top-Right,4
221,Bottom-Left,1
221,Top-Left,1
221,Top-Right,4
222,Bottom-Left,1
222,Bottom-Right,1
222,Top-Left,1
222,Top-Right,3
223,Bottom-Left,1
223,Bottom-Right,1
223,Top-Left,1
223,Top-Right,3
224,Bottom-Left,1
224,Bottom-Right,1
224,Top-Left,1
224,Top-Right,3
225,Bottom-Left,1
225,Bottom-Right,1
225,Top-Left,1
225,Top-Right,3
226,Bottom-Left,1
226,Bottom-Right,1
226,Top-Left,1
226,Top-Right,3
227,Bottom-Left,1
227,Bottom-Right,1
227,Top-Left,1
227,Top-Right,3
228,Bottom-Left,1
228,Bottom-Right,1
228,Top-Left,1
228,Top-Right,3
229,Bottom-Left,1
229,Bottom-Right,1
229,Top-Left,1
229,Top-Right,3
230,Bottom-Left,1
230,Bottom-Right,1
230,Top-Left,1
230,Top-Right,3
231,Bottom-Left,1
231,Bottom-Right,1
231,Top-Left,1
231,Top-Right,3
232,Bottom-Left,1
232,Bottom-Right,1
232,Top-Left,1
232,Top-Right,3
233,Bottom-Left,1
233,Bottom-Right,1
233,Top-Left,1
233,Top-Right,3
234,Bottom-Left,1
234,Bottom-Right,1
234,Top-Left,1
234,Top-Right,3
235,Bottom-Left,1
235,Bottom-Right,2
235,Top-Left,1
235,Top-Right,3
236,Bottom-Right,2
236,Top-Left,1
236,Top-Right,3
237,Bottom-Right,2
237,Top-Left,1
237,Top-Right,3
238,Bottom-Right,2
238,Top-Left,1
238,Top-Right,3
239,Bottom-Right,2
239,Top-Left,1
239,Top-Right,3
240,Bottom-Right,2
240,Top-Left,1
240,Top-Right,3
241,Bottom-Right,2
241,Top-Left,1
241,Top-Right,3
242,Bottom-Right,1
242,Top-Left,1
242,Top-Right,3
243,Bottom-Right,1
243,Top-Left,1
243,Top-Right,4
244,Bottom-Right,1
244,Top-Left,1
244,Top-Right,4
245,Bottom-Right,1
245,Top-Left,1
245,Top-Right,4
246,Bottom-Right,1
246,Top-Left,1
246,Top-Right,4
247,Bottom-Right,1
247,Top-Left,1
247,Top-Right,4
248,Bottom-Right,1
248,Top-Left,1
248,Top-Right,4
249,Bottom-Right,1
249,Top-Left,1
249,Top-Right,4
250,Bottom-Right,1
250,Top-Left,1
250,Top-Right,4
251,Top-Left,1
251,Top-Right,4
252,Top-Left,1
252,Top-Right,4
253,Top-Left,1
253,Top-Right,4
254,Top-Left,1
254,Top-Right,4
255,Top-Left,1
255,Top-Right,4
256,Top-Left,1
256,Top-Right,4
257,Bottom-Right,1
257,Top-Left,1
257,Top-Right,3
258,Bottom-Right,1
258,Top-Left,1
258,Top-Right,3
259,Bottom-Right,1
259,Top-Left,1
259,Top-Right,3
260,Bottom-Right,1
260,Top-Left,1
260,Top-Right,3
261,Bottom-Right,1
261,Top-Left,1
261,Top-Right,3
262,Bottom-Right,1
262,Top-Left,1
262,Top-Right,3
263,Bottom-Right,1
263,Top-Left,1
263,Top-Right,3
264,Bottom-Right,1
264,Top-Left,1
264,Top-Right,3
265,Bottom-Right,1
265,Top-Left,1
265,Top-Right,4
266,Bottom-Right,1
266,Top-Left,1
266,Top-Right,4
267,Bottom-Right,1
267,Top-Left,1
267,Top-Right,4
268,Bottom-Right,1
268,Top-Left,1
268,Top-Right,4
269,Bottom-Right,1
269,Top-Left,1
269,Top-Right,4
270,Bottom-Right,1
270,Top-Left,1
270,Top-Right,4
271,Bottom-Right,1
271,Top-Left,1
271,Top-Right,4
272,Bottom-Left,1
272,Bottom-Right,1
272,Top-Right,4
273,Bottom-Left,1
273,Top-Right,4
274,Bottom-Left,1
274,Top-Right,4
275,Bottom-Left,1
275,Top-Right,4
276,Bottom-Left,1
276,Top-Right,4
277,Bottom-Left,1
277,Bottom-Right,1
277,Top-Right,3
278,Bottom-Left,1
278,Bottom-Right,1
278,Top-Right,3
279,Bottom-Left,1
279,Bottom-Right,1
279,Top-Right,3
280,Bottom-Left,1
280,Bottom-Right,1
280,Top-Right,3
281,Bottom-Left,1
281,Bottom-Right,1
281,Top-Right,3
282,Bottom-Left,1
282,Bottom-Right,1
282,Top-Right,3
283,Bottom-Left,1
283,Bottom-Right,1
283,Top-Right,4
284,Bottom-Left,1
284,Bottom-Right,1
284,Top-Right,4
285,Bottom-Left,1
285,Bottom-Right,1
285,Top-Right,4
286,Bottom-Left,1
286,Bottom-Right,1
286,Top-Right,4
287,Bottom-Left,1
287,Bottom-Right,1
287,Top-Right,4
288,Bottom-Left,1
288,Bottom-Right,1
288,Top-Right,4
289,Bottom-Left,1
289,Bottom-Right,1
289,Top-Right,4
290,Bottom-Left,1
290,Top-Left,1
290,Top-Right,4
291,Top-Left,1
291,Top-Right,4
292,Top-Left,1
292,Top-Right,4
293,Top-Left,1
293,Top-Right,4
294,Top-Left,1
294,Top-Right,4
295,Top-Left,1
295,Top-Right,4
296,Bottom-Right,1
296,Top-Left,1
296,Top-Right,4
297,Bottom-Right,1
297,Top-Left,1
297,Top-Right,4
298,Bottom-Right,1
298,Top-Left,1
298,Top-Right,4
299,Bottom-Right,1
299,Top-Left,1
299,Top-Right,4
300,Bottom-Right,1
300,Top-Left,1
300,Top-Right,4
301,Bottom-Right,1
301,Top-Left,1
301,Top-Right,4
302,Bottom-Right,1
302,Top-Left,1
302,Top-Right,4
303,Bottom-Right,1
303,Top-Left,1
303,Top-Right,4
304,Bottom-Right,1
304,Top-Left,1
304,Top-Right,4
305,Bottom-Right,1
305,Top-Left,1
305,Top-Right,4
306,Bottom-Right,1
306,Top-Left,1
306,Top-Right,4
307,Bottom-Right,1
307,Top-Left,1
307,Top-Right,4
308,Bottom-Right,1
308,Top-Left,1
308,Top-Right,4
309,Bottom-Right,1
309,Top-Left,1
309,Top-Right,4
310,Bottom-Right,1
310,Top-Left,1
310,Top-Right,4
311,Top-Left,1
311,Top-Right,4
312,Top-Left,1
312,Top-Right,4
313,Top-Left,1
313,Top-Right,4
314,Top-Left,1
314,Top-Right,4
315,Top-Left,1
315,Top-Right,4
316,Top-Left,1
316,Top-Right,4
317,Top-Left,1
317,Top-Right,4
318,Top-Left,1
318,Top-Right,4
319,Top-Left,1
319,Top-Right,4
320,Top-Left,1
320,Top-Right,4
321,Top-Left,1
321,Top-Right,4
322,Top-Left,1
322,Top-Right,4
323,Top-Left,1
323,Top-Right,4
324,Top-Left,1
324,Top-Right,4
325,Top-Left,1
325,Top-Right,4
326,Top-Left,1
326,Top-Right,4
327,Top-Left,1
327,Top-Right,4
328,Top-Left,1
328,Top-Right,4
329,Bottom-Right,1
329,Top-Left,1
329,Top-Right,3
330,Bottom-Right,1
330,Top-Left,1
330,Top-Right,3
331,Bottom-Right,1
331,Top-Left,1
331,Top-Right,3
332,Bottom-Right,2
332,Top-Left,1
332,Top-Right,2
333,Bottom-Right,2
333,Top-Left,1
333,Top-Right,2
334,Bottom-Right,2
334,Top-Left,1
334,Top-Right,2
335,Bottom-Right,2
335,Top-Left,1
335,Top-Right,2
336,Bottom-Right,2
336,Top-Left,1
336,Top-Right,2
337,Bottom-Right,2
337,Top-Left,1
337,Top-Right,2
338,Bottom-Right,2
338,Top-Left,1
338,Top-Right,2
339,Bottom-Right,2
339,Top-Left,1
339,Top-Right,2
340,Bottom-Right,2
340,Top-Left,1
340,Top-Right,2
341,Bottom-Right,2
341,Top-Left,1
341,Top-Right,2
342,Bottom-Right,2
342,Top-Left,1
342,Top-Right,2
343,Bottom-Right,1
343,Top-Left,1
343,Top-Right,3
344,Bottom-Right,1
344,Top-Left,1
344,Top-Right,3
345,Bottom-Right,1
345,Top-Left,1
345,Top-Right,3
346,Bottom-Right,1
346,Top-Left,1
346,Top-Right,3
347,Bottom-Right,1
347,Top-Left,1
347,Top-Right,3
348,Bottom-Right,1
348,Top-Left,1
348,Top-Right,4
349,Top-Left,1
349,Top-Right,4
350,Top-Left,1
350,Top-Right,4
351,Top-Left,1
351,Top-Right,4
352,Top-Left,1
352,Top-Right,4
353,Top-Left,1
353,Top-Right,4
354,Top-Left,1
354,Top-Right,4
355,Top-Left,1
355,Top-Right,4
356,Top-Left,1
356,Top-Right,4
357,Top-Left,1
357,Top-Right,5
358,Top-Left,1
358,Top-Right,5
359,Top-Left,1
359,Top-Right,5
360,Top-Left,1
360,Top-Right,5
361,Top-Left,1
361,Top-Right,5
362,Top-Left,1
362,Top-Right,5
363,Bottom-Right,1
363,Top-Left,1
363,Top-Right,4
364,Bottom-Right,1
364,Top-Left,1
364,Top-Right,4
365,Bottom-Right,1
365,Top-Left,1
365,Top-Right,4
366,Bottom-Right,1
366,Top-Left,1
366,Top-Right,4
367,Bottom-Right,1
367,Top-Left,1
367,Top-Right,4
368,Bottom-Right,1
368,Top-Left,2
368,Top-Right,3
369,Bottom-Right,1
369,Top-Left,2
369,Top-Right,3
370,Bottom-Right,1
370,Top-Left,2
370,Top-Right,3
371,Bottom-Right,1
371,Top-Left,2
371,Top-Right,3
372,Bottom-Right,1
372,Top-Left,2
372,Top-Right,3
373,Bottom-Right,1
373,Top-Left,2
373,Top-Right,3
374,Bottom-Right,1
374,Top-Left,2
374,Top-Right,3
375,Bottom-Right,1
375,Top-Left,2
375,Top-Right,3
376,Bottom-Right,1
376,Top-Left,2
376,Top-Right,4
377,Top-Left,2
377,Top-Right,4
378,Top-Left,2
378,Top-Right,4
379,Top-Left,2
379,Top-Right,4
380,Top-Left,2
380,Top-Right,4
381,Top-Left,2
381,Top-Right,4
382,Top-Left,2
382,Top-Right,4
383,Top-Left,2
383,Top-Right,4
384,Top-Left,2
384,Top-Right,4
385,Top-Left,2
385,Top-Right,4
386,Bottom-Right,1
386,Top-Left,2
386,Top-Right,3
387,Bottom-Right,1
387,Top-Left,2
387,Top-Right,3
388,Bottom-Right,1
388,Top-Left,2
388,Top-Right,2
389,Bottom-Right,1
389,Top-Left,2
389,Top-Right,3
390,Bottom-Right,1
390,Top-Left,2
390,Top-Right,3
391,Bottom-Right,1
391,Top-Left,2
391,Top-Right,3
392,Bottom-Right,1
392,Top-Left,2
392,Top-Right,3
393,Bottom-Right,1
393,Top-Left,2
393,Top-Right,3
394,Bottom-Right,1
394,Top-Left,2
394,Top-Right,3
395,Bottom-Right,1
395,Top-Left,2
395,Top-Right,3
396,Bottom-Right,1
396,Top-Left,2
396,Top-Right,3
397,Bottom-Right,1
397,Top-Left,2
397,Top-Right,3
398,Bottom-Right,1
398,Top-Left,2
398,Top-Right,3
399,Bottom-Right,1
399,Top-Left,2
399,Top-Right,3
400,Bottom-Right,1
400,Top-Left,2
400,Top-Right,3
401,Bottom-Right,1
401,Top-Left,2
401,Top-Right,3
402,Top-Left,2
402,Top-Right,3
403,Top-Left,2
403,Top-Right,3
404,Top-Left,2
404,Top-Right,3
405,Top-Left,2
405,Top-Right,3
406,Top-Left,2
406,Top-Right,3
407,Top-Left,2
407,Top-Right,3
408,Top-Left,2
408,Top-Right,3
409,Top-Left,2
409,Top-Right,3
410,Top-Left,2
410,Top-Right,3
411,Bottom-Left,1
411,Top-Left,1
411,Top-Right,3
412,Bottom-Left,1
412,Top-Left,1
412,Top-Right,3
413,Bottom-Left,1
413,Bottom-Right,1
413,Top-Left,1
413,Top-Right,2
414,Bottom-Left,1
414,Bottom-Right,1
414,Top-Left,1
414,Top-Right,2
415,Bottom-Left,1
415,Bottom-Right,1
415,Top-Left,1
415,Top-Right,2
416,Bottom-Left,1
416,Bottom-Right,1
416,Top-Left,1
416,Top-Right,2
417,Bottom-Left,1
417,Bottom-Right,1
417,Top-Left,1
417,Top-Right,2
418,Bottom-Left,1
418,Bottom-Right,1
418,Top-Left,1
418,Top-Right,2
419,Bottom-Left,1
419,Bottom-Right,1
419,Top-Left,1
419,Top-Right,2
420,Bottom-Left,1
420,Bottom-Right,1
420,Top-Left,1
420,Top-Right,2
421,Bottom-Left,1
421,Bottom-Right,1
421,Top-Left,1
421,Top-Right,2
422,Bottom-Left,1
422,Bottom-Right,1
422,Top-Left,1
422,Top-Right,2
423,Bottom-Left,1
423,Bottom-Right,1
423,Top-Left,1
423,Top-Right,2
424,Bottom-Left,1
424,Bottom-Right,1
424,Top-Left,1
424,Top-Right,2
425,Bottom-Left,1
425,Bottom-Right,1
425,Top-Left,1
425,Top-Right,2
426,Bottom-Left,1
426,Bottom-Right,1
426,Top-Left,1
426,Top-Right,2
427,Bottom-Left,1
427,Bottom-Right,1
427,Top-Left,1
427,Top-Right,2
428,Bottom-Left,1
428,Bottom-Right,1
428,Top-Left,2
428,Top-Right,3
429,Bottom-Left,1
429,Bottom-Right,1
429,Top-Left,2
429,Top-Right,3
430,Bottom-Left,1
430,Bottom-Right,2
430,Top-Left,2
430,Top-Right,2
431,Bottom-Left,1
431,Bottom-Right,2
431,Top-Left,2
431,Top-Right,2
432,Bottom-Right,2
432,Top-Left,2
432,Top-Right,2
433,Bottom-Right,2
433,Top-Left,2
433,Top-Right,2
434,Bottom-Right,1
434,Top-Left,2
434,Top-Right,2
435,Bottom-Left,1
435,Bottom-Right,1
435,Top-Left,1
435,Top-Right,2
436,Bottom-Left,1
436,Bottom-Right,1
436,Top-Left,1
436,Top-Right,2
437,Bottom-Left,1
437,Bottom-Right,1
437,Top-Left,1
437,Top-Right,2
438,Bottom-Left,1
438,Bottom-Right,1
438,Top-Left,1
438,Top-Right,2
439,Bottom-Left,1
439,Bottom-Right,1
439,Top-Left,1
439,Top-Right,3
440,Bottom-Left,1
440,Bottom-Right,1
440,Top-Left,1
440,Top-Right,3
441,Bottom-Left,1
441,Bottom-Right,1
441,Top-Left,1
441,Top-Right,3
442,Bottom-Left,1
442,Bottom-Right,1
442,Top-Left,1
442,Top-Right,3
443,Bottom-Left,1
443,Bottom-Right,1
443,Top-Left,1
443,Top-Right,3
444,Bottom-Left,1
444,Bottom-Right,1
444,Top-Left,1
444,Top-Right,3
445,Bottom-Left,1
445,Bottom-Right,1
445,Top-Left,1
445,Top-Right,3
446,Bottom-Left,1
446,Top-Left,1
446,Top-Right,3
447,Bottom-Left,1
447,Top-Left,1
447,Top-Right,4
448,Bottom-Left,1
448,Top-Left,1
448,Top-Right,4
449,Bottom-Left,1
449,Top-Left,1
449,Top-Right,4
450,Bottom-Left,1
450,Top-Left,1
450,Top-Right,4
451,Bottom-Left,1
451,Top-Left,1
451,Top-Right,4
452,Bottom-Left,1
452,Top-Left,1
452,Top-Right,4
453,Bottom-Left,1
453,Top-Left,1
453,Top-Right,4
454,Bottom-Left,1
454,Top-Left,1
454,Top-Right,4
455,Bottom-Left,1
455,Top-Left,1
455,Top-Right,4
456,Top-Left,1
456,Top-Right,4
457,Top-Left,1
457,Top-Right,4
458,Top-Left,1
458,Top-Right,4
459,Top-Left,1
459,Top-Right,4
460,Top-Left,1
460,Top-Right,4
461,Top-Left,1
461,Top-Right,4
462,Top-Left,1
462,Top-Right,4
463,Top-Left,1
463,Top-Right,4
464,Top-Left,1
464,Top-Right,4
465,Top-Left,1
465,Top-Right,4
466,Top-Left,1
466,Top-Right,4
467,Top-Left,1
467,Top-Right,4
468,Top-Left,1
468,Top-Right,4
469,Top-Left,1
469,Top-Right,4
470,Top-Left,1
470,Top-Right,4
471,Bottom-Right,1
471,Top-Left,1
471,Top-Right,3
472,Bottom-Right,1
472,Top-Left,1
472,Top-Right,3
473,Bottom-Right,1
473,Top-Left,1
473,Top-Right,3
474,Bottom-Right,1
474,Top-Left,1
474,Top-Right,3
475,Bottom-Right,1
475,Top-Left,1
475,Top-Right,3
476,Bottom-Right,1
476,Top-Left,1
476,Top-Right,3
477,Bottom-Right,1
477,Top-Left,1
477,Top-Right,3
478,Bottom-Right,1
478,Top-Left,1
478,Top-Right,2
479,Bottom-Right,1
479,Top-Left,1
479,Top-Right,2
480,Bottom-Right,1
480,Top-Left,1
480,Top-Right,2
481,Bottom-Right,1
481,Top-Left,1
481,Top-Right,2
482,Bottom-Right,1
482,Top-Left,1
482,Top-Right,2
483,Bottom-Right,1
483,Top-Left,1
483,Top-Right,2
484,Bottom-Right,1
484,Top-Left,1
484,Top-Right,2
485,Bottom-Right,1
485,Top-Left,1
485,Top-Right,2
486,Bottom-Right,1
486,Top-Left,1
486,Top-Right,2
487,Bottom-Right,1
487,Top-Left,1
487,Top-Right,2
488,Bottom-Right,1
488,Top-Left,1
488,Top-Right,2
489,Bottom-Right,1
489,Top-Left,1
489,Top-Right,2
490,Top-Left,1
490,Top-Right,2
491,Top-Left,1
491,Top-Right,2
492,Top-Left,1
492,Top-Right,2
493,Top-Left,1
493,Top-Right,2
494,Top-Left,1
494,Top-Right,2
495,Top-Left,1
495,Top-Right,2
496,Top-Left,1
496,Top-Right,2
497,Top-Left,1
497,Top-Right,3
498,Top-Left,1
498,Top-Right,3
499,Top-Left,1
499,Top-Right,3
500,Top-Left,1
500,Top-Right,3
501,Top-Left,1
501,Top-Right,3
502,Bottom-Right,1
502,Top-Left,1
502,Top-Right,2
503,Bottom-Right,1
503,Top-Left,1
503,Top-Right,2
504,Bottom-Right,1
504,Top-Left,1
504,Top-Right,2
505,Bottom-Right,1
505,Top-Left,1
505,Top-Right,2
506,Bottom-Right,1
506,Top-Left,1
506,Top-Right,2
507,Bottom-Right,1
507,Top-Left,1
507,Top-Right,3
508,Bottom-Right,1
508,Top-Left,1
508,Top-Right,3
509,Bottom-Right,1
509,Top-Left,1
509,Top-Right,3
510,Bottom-Right,1
510,Top-Left,1
510,Top-Right,3
511,Bottom-Right,1
511,Top-Left,1
511,Top-Right,3
512,Bottom-Left,1
512,Bottom-Right,1
512,Top-Right,3
513,Bottom-Left,1
513,Bottom-Right,1
513,Top-Right,3
514,Bottom-Left,1
514,Bottom-Right,1
514,Top-Right,3
515,Bottom-Left,1
515,Bottom-Right,2
515,Top-Right,2
516,Bottom-Left,1
516,Bottom-Right,2
516,Top-Right,2
517,Bottom-Left,1
517,Bottom-Right,2
517,Top-Right,2
518,Bottom-Left,1
518,Bottom-Right,2
518,Top-Right,2
519,Bottom-Left,1
519,Bottom-Right,2
519,Top-Right,2
520,Bottom-Left,1
520,Bottom-Right,2
520,Top-Right,2
521,Bottom-Left,1
521,Bottom-Right,2
521,Top-Right,2
522,Bottom-Left,1
522,Bottom-Right,2
522,Top-Right,2
523,Bottom-Left,1
523,Bottom-Right,2
523,Top-Right,2
524,Bottom-Left,1
524,Bottom-Right,2
524,Top-Right,2
525,Bottom-Left,1
525,Bottom-Right,2
525,Top-Right,2
526,Bottom-Left,1
526,Bottom-Right,2
526,Top-Right,2
527,Bottom-Left,1
527,Bottom-Right,2
527,Top-Right,2
528,Bottom-Left,1
528,Bottom-Right,2
528,Top-Right,2
529,Bottom-Left,1
529,Bottom-Right,2
529,Top-Right,2
530,Bottom-Left,1
530,Bottom-Right,2
530,Top-Right,2
531,Bottom-Left,1
531,Bottom-Right,1
531,Top-Right,2
532,Bottom-Left,1
532,Bottom-Right,1
532,Top-Right,2
533,Bottom-Left,1
533,Bottom-Right,1
533,Top-Right,2
534,Bottom-Left,1
534,Bottom-Right,1
534,Top-Right,2
535,Bottom-Left,1
535,Bottom-Right,1
535,Top-Right,2
536,Bottom-Left,1
536,Bottom-Right,1
536,Top-Right,2
537,Bottom-Left,1
537,Top-Right,2
538,Bottom-Left,1
538,Top-Right,2
539,Bottom-Left,1
539,Top-Right,3
540,Bottom-Left,1
540,Top-Right,3
541,Bottom-Left,1
541,Top-Right,3
542,Bottom-Left,1
542,Top-Right,3
543,Top-Left,1
543,Top-Right,2
544,Top-Left,1
544,Top-Right,2
545,Top-Left,1
545,Top-Right,2
546,Top-Left,1
546,Top-Right,2
547,Top-Left,1
547,Top-Right,3
548,Top-Left,1
548,Top-Right,3
549,Top-Left,1
549,Top-Right,3
550,Top-Left,1
550,Top-Right,3
551,Top-Left,1
551,Top-Right,3
552,Top-Left,1
552,Top-Right,3
553,Bottom-Right,1
553,Top-Left,1
553,Top-Right,3
554,Bottom-Right,1
554,Top-Left,1
554,Top-Right,3
555,Bottom-Right,1
555,Top-Left,1
555,Top-Right,3
556,Bottom-Right,1
556,Top-Left,1
556,Top-Right,3
557,Bottom-Right,1
557,Top-Left,1
557,Top-Right,2
558,Bottom-Right,1
558,Top-Left,1
558,Top-Right,2
559,Bottom-Right,1
559,Top-Left,1
559,Top-Right,2
560,Bottom-Right,1
560,Top-Left,1
560,Top-Right,2
561,Bottom-Right,1
561,Top-Left,1
561,Top-Right,2
562,Bottom-Right,1
562,Top-Left,1
562,Top-Right,2
563,Bottom-Right,1
563,Top-Left,1
563,Top-Right,2
564,Bottom-Right,1
564,Top-Left,1
564,Top-Right,2
565,Bottom-Right,1
565,Top-Left,1
565,Top-Right,3
566,Bottom-Right,1
566,Top-Left,1
566,Top-Right,3
567,Bottom-Right,1
567,Top-Left,1
567,Top-Right,3
568,Bottom-Left,1
568,Bottom-Right,1
568,Top-Right,3
569,Bottom-Left,1
569,Bottom-Right,1
569,Top-Right,3
570,Bottom-Left,1
570,Bottom-Right,1
570,Top-Right,3
571,Bottom-Left,1
571,Bottom-Right,1
571,Top-Right,3
572,Bottom-Left,1
572,Bottom-Right,1
572,Top-Right,3
573,Bottom-Left,1
573,Bottom-Right,1
573,Top-Right,3
574,Bottom-Left,1
574,Bottom-Right,1
574,Top-Right,3
575,Bottom-Left,1
575,Bottom-Right,1
575,Top-Right,3
576,Bottom-Left,1
576,Top-Right,4
577,Bottom-Left,1
577,Top-Right,4
578,Bottom-Left,1
578,Top-Right,4
579,Bottom-Left,1
579,Top-Right,4
580,Bottom-Left,1
580,Top-Right,5
581,Bottom-Left,1
581,Top-Right,5
582,Bottom-Left,1
582,Top-Right,5
583,Bottom-Left,1
583,Top-Right,5
584,Bottom-Left,1
584,Top-Right,5
585,Bottom-Left,1
585,Top-Right,5
586,Bottom-Left,1
586,Top-Right,5
587,Top-Right,5
588,Top-Right,5
589,Top-Right,6
590,Top-Right,6
591,Top-Right,6
592,Top-Right,6
593,Top-Right,6
594,Top-Right,6
595,Top-Right,6
596,Top-Right,6
597,Top-Left,1
597,Top-Right,5
598,Top-Left,1
598,Top-Right,5
599,Top-Left,1
599,Top-Right,5
600,Top-Left,1
600,Top-Right,5
601,Top-Left,1
601,Top-Right,5
602,Top-Left,1
602,Top-Right,5
603,Top-Left,1
603,Top-Right,5
604,Top-Left,1
604,Top-Right,5
605,Top-Left,1
605,Top-Right,5
606,Bottom-Right,1
606,Top-Left,1
606,Top-Right,4
607,Bottom-Right,1
607,Top-Left,1
607,Top-Right,4
608,Bottom-Right,1
608,Top-Left,1
608,Top-Right,4
609,Bottom-Right,1
609,Top-Left,1
609,Top-Right,4
610,Bottom-Right,1
610,Top-Left,2
610,Top-Right,3
611,Bottom-Right,1
611,Top-Left,2
611,Top-Right,3
612,Bottom-Right,1
612,Top-Left,2
612,Top-Right,3
613,Bottom-Right,1
613,Top-Left,3
613,Top-Right,3
614,Bottom-Right,1
614,Top-Left,3
614,Top-Right,3
615,Bottom-Right,1
615,Top-Left,3
615,Top-Right,3
616,Bottom-Right,1
616,Top-Left,3
616,Top-Right,3
617,Bottom-Right,1
617,Top-Left,3
617,Top-Right,3
618,Bottom-Right,1
618,Top-Left,3
618,Top-Right,3
619,Bottom-Right,1
619,Top-Left,3
619,Top-Right,3
620,Bottom-Right,1
620,Top-Left,3
620,Top-Right,3
621,Bottom-Right,1
621,Top-Left,3
621,Top-Right,3
622,Bottom-Right,1
622,Top-Left,3
622,Top-Right,3
623,Bottom-Right,1
623,Top-Left,3
623,Top-Right,3
624,Bottom-Right,1
624,Top-Left,3
624,Top-Right,3
625,Top-Left,3
625,Top-Right,3
626,Bottom-Left,1
626,Top-Left,2
626,Top-Right,3
627,Bottom-Left,1
627,Top-Left,2
627,Top-Right,3
628,Bottom-Left,1
628,Top-Left,2
628,Top-Right,3
629,Bottom-Left,1
629,Top-Left,2
629,Top-Right,3
630,Bottom-Left,1
630,Top-Left,2
630,Top-Right,3
631,Bottom-Left,1
631,Top-Left,2
631,Top-Right,3
632,Bottom-Left,1
632,Top-Left,2
632,Top-Right,3
633,Bottom-Left,1
633,Top-Left,2
633,Top-Right,3
634,Bottom-Left,1
634,Top-Left,2
634,Top-Right,3
635,Bottom-Left,1
635,Top-Left,2
635,Top-Right,3
636,Bottom-Left,1
636,Top-Left,2
636,Top-Right,3
637,Bottom-Left,1
637,Top-Left,2
637,Top-Right,4
638,Bottom-Left,1
638,Top-Left,2
638,Top-Right,4
639,Bottom-Left,1
639,Top-Left,2
639,Top-Right,4
640,Bottom-Left,1
640,Top-Left,2
640,Top-Right,4
641,Bottom-Left,1
641,Top-Left,2
641,Top-Right,4
642,Bottom-Left,1
642,Top-Left,2
642,Top-Right,4
643,Bottom-Left,1
643,Top-Left,2
643,Top-Right,4
644,Bottom-Left,1
644,Top-Left,2
644,Top-Right,4
645,Bottom-Left,1
645,Top-Left,2
645,Top-Right,4
646,Bottom-Left,1
646,Top-Left,2
646,Top-Right,4
647,Bottom-Left,1
647,Top-Left,2
647,Top-Right,4
648,Bottom-Left,1
648,Top-Left,2
648,Top-Right,4
649,Bottom-Left,1
649,Top-Left,2
649,Top-Right,4
650,Bottom-Left,1
650,Top-Left,2
650,Top-Right,4
651,Bottom-Left,1
651,Top-Left,2
651,Top-Right,4
652,Bottom-Left,1
652,Top-Left,2
652,Top-Right,4
653,Top-Left,2
653,Top-Right,4
654,Top-Left,2
654,Top-Right,4
655,Top-Left,2
655,Top-Right,4
656,Top-Left,2
656,Top-Right,4
657,Top-Left,2
657,Top-Right,4
658,Top-Left,2
658,Top-Right,4
659,Top-Left,2
659,Top-Right,4
660,Bottom-Left,1
660,Top-Left,1
660,Top-Right,4
661,Bottom-Left,1
661,Top-Left,1
661,Top-Right,5
662,Bottom-Left,1
662,Bottom-Right,1
662,Top-Left,1
662,Top-Right,4
663,Bottom-Left,1
663,Bottom-Right,1
663,Top-Left,1
663,Top-Right,4
664,Bottom-Left,1
664,Bottom-Right,1
664,Top-Left,1
664,Top-Right,4
665,Bottom-Left,1
665,Bottom-Right,1
665,Top-Left,1
665,Top-Right,4
666,Bottom-Left,1
666,Bottom-Right,1
666,Top-Left,1
666,Top-Right,4
667,Bottom-Left,1
667,Bottom-Right,1
667,Top-Left,1
667,Top-Right,4
668,Bottom-Left,1
668,Bottom-Right,1
668,Top-Left,1
668,Top-Right,4
669,Bottom-Left,1
669,Bottom-Right,1
669,Top-Left,1
669,Top-Right,4
670,Bottom-Left,1
670,Bottom-Right,1
670,Top-Left,1
670,Top-Right,4
671,Bottom-Left,1
671,Bottom-Right,1
671,Top-Left,1
671,Top-Right,4
672,Bottom-Left,1
672,Bottom-Right,1
672,Top-Left,1
672,Top-Right,4
673,Bottom-Left,1
673,Bottom-Right,1
673,Top-Left,1
673,Top-Right,4
674,Bottom-Left,1
674,Bottom-Right,1
674,Top-Left,1
674,Top-Right,4
675,Bottom-Left,1
675,Bottom-Right,1
675,Top-Left,1
675,Top-Right,4
676,Bottom-Left,1
676,Bottom-Right,1
676,Top-Left,1
676,Top-Right,4
677,Bottom-Left,1
677,Bottom-Right,1
677,Top-Left,1
677,Top-Right,4
678,Bottom-Left,1
678,Bottom-Right,1
678,Top-Left,1
678,Top-Right,4
679,Bottom-Left,2
679,Bottom-Right,1
679,Top-Right,4
680,Bottom-Left,2
680,Bottom-Right,1
680,Top-Left,1
680,Top-Right,3
681,Bottom-Left,2
681,Bottom-Right,1
681,Top-Left,1
681,Top-Right,3
682,Bottom-Left,2
682,Bottom-Right,1
682,Top-Right,4
683,Bottom-Left,2
683,Top-Left,1
683,Top-Right,3
684,Bottom-Left,2
684,Top-Left,1
684,Top-Right,3
685,Bottom-Left,2
685,Top-Left,1
685,Top-Right,3
686,Bottom-Left,2
686,Top-Left,1
686,Top-Right,3
687,Bottom-Left,1
687,Top-Left,1
687,Top-Right,3
688,Bottom-Left,1
688,Top-Left,1
688,Top-Right,3
689,Bottom-Left,1
689,Top-Left,1
689,Top-Right,3
690,Bottom-Left,1
690,Top-Left,1
690,Top-Right,3
691,Bottom-Left,1
691,Top-Left,1
691,Top-Right,3
692,Bottom-Left,1
692,Top-Left,1
692,Top-Right,3
693,Bottom-Left,1
693,Top-Left,1
693,Top-Right,3
694,Bottom-Left,1
694,Top-Left,1
694,Top-Right,3
695,Bottom-Left,1
695,Top-Left,1
695,Top-Right,3
696,Bottom-Left,1
696,Top-Left,1
696,Top-Right,3
697,Bottom-Left,1
697,Bottom-Right,1
697,Top-Left,1
697,Top-Right,2
698,Bottom-Left,1
698,Bottom-Right,1
698,Top-Left,1
698,Top-Right,2
699,Bottom-Left,1
699,Bottom-Right,1
699,Top-Left,1
699,Top-Right,2
700,Bottom-Left,1
700,Bottom-Right,1
700,Top-Left,1
700,Top-Right,2
701,Bottom-Left,1
701,Bottom-Right,1
701,Top-Left,1
701,Top-Right,2
702,Bottom-Left,1
702,Bottom-Right,1
702,Top-Left,1
702,Top-Right,2
703,Bottom-Left,1
703,Bottom-Right,1
703,Top-Left,1
703,Top-Right,3
704,Bottom-Left,1
704,Bottom-Right,1
704,Top-Left,1
704,Top-Right,3
705,Bottom-Right,1
705,Top-Left,1
705,Top-Right,3
706,Bottom-Right,1
706,Top-Left,1
706,Top-Right,3
707,Bottom-Right,1
707,Top-Left,1
707,Top-Right,4
708,Bottom-Right,1
708,Top-Left,1
708,Top-Right,4
709,Bottom-Right,1
709,Top-Left,1
709,Top-Right,4
710,Bottom-Right,1
710,Top-Left,1
710,Top-Right,4
711,Bottom-Right,1
711,Top-Left,2
711,Top-Right,3
712,Bottom-Right,1
712,Top-Left,2
712,Top-Right,3
713,Bottom-Right,1
713,Top-Left,2
713,Top-Right,3
714,Top-Left,2
714,Top-Right,3
715,Top-Left,2
715,Top-Right,3
